<?xml version="1.0"?>
<!DOCTYPE hibernate-mapping PUBLIC "-//Hibernate/Hibernate Mapping DTD 3.0//EN"
"http://www.hibernate.org/dtd/hibernate-mapping-5.0.dtd">

<hibernate-mapping>
    <class name="com.training.bean.Person" table="persons">
        <id name="id" column="person_id"></id>
        <property name="firstName" column="first_name"></property>
        <property name="lastName" column="last_name"></property>
        <property name="age"></property>
    </class>
</hibernate-mapping>