<?xml version="1.0" encoding="UTF-8"?>
<web-app xmlns:xsi="http://www.w3.org/2001/XMLSchema-instance" xmlns="http://java.sun.com/xml/ns/javaee" xsi:schemaLocation="http://java.sun.com/xml/ns/javaee http://java.sun.com/xml/ns/javaee/web-app_2_5.xsd" id="WebApp_ID" version="2.5">
  <display-name>09-SpringMVC</display-name>
  <welcome-file-list>
    <welcome-file>index.html</welcome-file>
    <welcome-file>index.htm</welcome-file>
    <welcome-file>index.jsp</welcome-file>
    <welcome-file>default.html</welcome-file>
    <welcome-file>default.htm</welcome-file>
    <welcome-file>default.jsp</welcome-file>
  </welcome-file-list>
  
  <servlet>    
    <servlet-name>springweb</servlet-name>    
    <servlet-class>org.springframework.web.servlet.DispatcherServlet</servlet-class>    
    <load-on-startup>1</load-on-startup>      
</servlet>    
<servlet-mapping>    
    <servlet-name>springweb</servlet-name>    
    <url-pattern>/</url-pattern>    
</servlet-mapping>


    <listener>
    <listener-class>org.springframework.web.context.ContextLoaderListener</listener-class>
    </listener>
</web-app>