<?xml version="1.0" encoding="UTF-8"?>
<web-app version="5.0"
	xmlns="https://jakarta.ee/xml/ns/jakartaee"
	xmlns:xsi="http://www.w3.org/2001/XMLSchema-instance"
	xsi:schemaLocation="https://jakarta.ee/xml/ns/jakartaee https://jakarta.ee/xml/ns/jakartaee/web-app_5_0.xsd">  
	
  
  <welcome-file-list>
      <welcome-file>Menu.jsp</welcome-file>
  </welcome-file-list>
  
  <servlet>
      <servlet-name>DoctorWeb</servlet-name>
      <servlet-class>
         org.springframework.web.servlet.DispatcherServlet
      </servlet-class>
      <load-on-startup>1</load-on-startup>
   </servlet>

   <servlet-mapping>
      <servlet-name>DoctorWeb</servlet-name>
      <url-pattern>/</url-pattern>
   </servlet-mapping>
  
  <context-param>
        <param-name>contextConfigLocation</param-name>
        <param-value>/WEB-INF/beans.xml</param-value>
    </context-param>
    <listener>
        <listener-class>
         org.springframework.web.context.ContextLoaderListener
      </listener-class>
    </listener>
    
    
</web-app>